"MappingId","Category","Source","Target"
"C001","GENERATED_SMOKE_RUN","E:\Code\Geocore_M0&1_Preprocessing\runs","E:\Code\_DELETE_REVIEW_Geocore_M0and1_Preprocessing_20260902\payload\workspace\runs"
"C002","REGENERABLE_CACHE","E:\Code\Geocore_M0&1_Preprocessing\modules\M0-1_image_fusion\src\geocore_m01_fusion\__pycache__","E:\Code\_DELETE_REVIEW_Geocore_M0and1_Preprocessing_20260902\payload\workspace\modules\M0-1_image_fusion\src\geocore_m01_fusion\__pycache__"
"C003","REGENERABLE_CACHE","E:\Code\Geocore_M0&1_Preprocessing\modules\M1-1_rotation_correction\geocore_m1_1\__pycache__","E:\Code\_DELETE_REVIEW_Geocore_M0and1_Preprocessing_20260902\payload\workspace\modules\M1-1_rotation_correction\geocore_m1_1\__pycache__"
"C004","REGENERABLE_CACHE","E:\Code\Geocore_M0&1_Preprocessing\modules\M1-1_rotation_correction\tests\__pycache__","E:\Code\_DELETE_REVIEW_Geocore_M0and1_Preprocessing_20260902\payload\workspace\modules\M1-1_rotation_correction\tests\__pycache__"
"C005","REGENERABLE_CACHE","E:\Code\Geocore_M0&1_Preprocessing\modules\M1-2_foreground_mask\geocore_mask\__pycache__","E:\Code\_DELETE_REVIEW_Geocore_M0and1_Preprocessing_20260902\payload\workspace\modules\M1-2_foreground_mask\geocore_mask\__pycache__"
"C006","REGENERABLE_CACHE","E:\Code\Geocore_M0&1_Preprocessing\modules\M1-2_foreground_mask\geocore_mask\inference\__pycache__","E:\Code\_DELETE_REVIEW_Geocore_M0and1_Preprocessing_20260902\payload\workspace\modules\M1-2_foreground_mask\geocore_mask\inference\__pycache__"
"C007","REGENERABLE_CACHE","E:\Code\Geocore_M0&1_Preprocessing\modules\M1-2_foreground_mask\geocore_mask\models\__pycache__","E:\Code\_DELETE_REVIEW_Geocore_M0and1_Preprocessing_20260902\payload\workspace\modules\M1-2_foreground_mask\geocore_mask\models\__pycache__"
"C008","REGENERABLE_CACHE","E:\Code\Geocore_M0&1_Preprocessing\modules\M1-2_foreground_mask\geocore_mask\postprocess\__pycache__","E:\Code\_DELETE_REVIEW_Geocore_M0and1_Preprocessing_20260902\payload\workspace\modules\M1-2_foreground_mask\geocore_mask\postprocess\__pycache__"
"C009","REGENERABLE_CACHE","E:\Code\Geocore_M0&1_Preprocessing\modules\M1-2_foreground_mask\geocore_mask\utils\__pycache__","E:\Code\_DELETE_REVIEW_Geocore_M0and1_Preprocessing_20260902\payload\workspace\modules\M1-2_foreground_mask\geocore_mask\utils\__pycache__"
"C010","REGENERABLE_CACHE","E:\Code\Geocore_M0&1_Preprocessing\modules\M1-3_separator_mark\geocore_m1_3\__pycache__","E:\Code\_DELETE_REVIEW_Geocore_M0and1_Preprocessing_20260902\payload\workspace\modules\M1-3_separator_mark\geocore_m1_3\__pycache__"
"C011","REGENERABLE_CACHE","E:\Code\Geocore_M0&1_Preprocessing\modules\M1-3_separator_mark\geocore_m1_3\depth\__pycache__","E:\Code\_DELETE_REVIEW_Geocore_M0and1_Preprocessing_20260902\payload\workspace\modules\M1-3_separator_mark\geocore_m1_3\depth\__pycache__"
"C012","REGENERABLE_CACHE","E:\Code\Geocore_M0&1_Preprocessing\modules\M1-3_separator_mark\geocore_m1_3\io\__pycache__","E:\Code\_DELETE_REVIEW_Geocore_M0and1_Preprocessing_20260902\payload\workspace\modules\M1-3_separator_mark\geocore_m1_3\io\__pycache__"
"C013","REGENERABLE_CACHE","E:\Code\Geocore_M0&1_Preprocessing\modules\M1-3_separator_mark\geocore_m1_3\layout\__pycache__","E:\Code\_DELETE_REVIEW_Geocore_M0and1_Preprocessing_20260902\payload\workspace\modules\M1-3_separator_mark\geocore_m1_3\layout\__pycache__"
"C014","REGENERABLE_CACHE","E:\Code\Geocore_M0&1_Preprocessing\modules\M1-3_separator_mark\geocore_m1_3\mask_refine\__pycache__","E:\Code\_DELETE_REVIEW_Geocore_M0and1_Preprocessing_20260902\payload\workspace\modules\M1-3_separator_mark\geocore_m1_3\mask_refine\__pycache__"
"C015","REGENERABLE_CACHE","E:\Code\Geocore_M0&1_Preprocessing\modules\M1-3_separator_mark\geocore_m1_3\quality\__pycache__","E:\Code\_DELETE_REVIEW_Geocore_M0and1_Preprocessing_20260902\payload\workspace\modules\M1-3_separator_mark\geocore_m1_3\quality\__pycache__"
"C016","REGENERABLE_CACHE","E:\Code\Geocore_M0&1_Preprocessing\modules\M1-3_separator_mark\geocore_m1_3\reconstruct\__pycache__","E:\Code\_DELETE_REVIEW_Geocore_M0and1_Preprocessing_20260902\payload\workspace\modules\M1-3_separator_mark\geocore_m1_3\reconstruct\__pycache__"
"C017","REGENERABLE_CACHE","E:\Code\Geocore_M0&1_Preprocessing\modules\M1-3_separator_mark\geocore_m1_3\segments\__pycache__","E:\Code\_DELETE_REVIEW_Geocore_M0and1_Preprocessing_20260902\payload\workspace\modules\M1-3_separator_mark\geocore_m1_3\segments\__pycache__"
"C018","REGENERABLE_CACHE","E:\Code\Geocore_M0&1_Preprocessing\modules\M1-3_separator_mark\geocore_m1_3\utils\__pycache__","E:\Code\_DELETE_REVIEW_Geocore_M0and1_Preprocessing_20260902\payload\workspace\modules\M1-3_separator_mark\geocore_m1_3\utils\__pycache__"
"C019","REGENERABLE_CACHE","E:\Code\Geocore_M0&1_Preprocessing\modules\M1-3_separator_mark\tests\__pycache__","E:\Code\_DELETE_REVIEW_Geocore_M0and1_Preprocessing_20260902\payload\workspace\modules\M1-3_separator_mark\tests\__pycache__"
"C020","REGENERABLE_CACHE","E:\Code\Geocore_M0&1_Preprocessing\src\geocore_preprocessing\__pycache__","E:\Code\_DELETE_REVIEW_Geocore_M0and1_Preprocessing_20260902\payload\workspace\src\geocore_preprocessing\__pycache__"
