"MappingId","Module","Source","Target","FileCount","Bytes","SourceAbsent","TargetPresent","HashMismatchCount","Rationale"
"M001","M0-1","E:\Code\Geocore_M0-1_image_fusion\scripts\diagnose_current_geocorefusion_registration.py","E:\Code\Geocore_M0&1_Preprocessing\modules\M0-1_image_fusion\scripts\legacy_registration_20260717\diagnose_current_geocorefusion_registration.py","1","4047","True","True","0","Unique maintainable diagnostic source"
"M002","M0-1","E:\Code\Geocore_M0-1_image_fusion\scripts\prototype_local_registration.py","E:\Code\Geocore_M0&1_Preprocessing\modules\M0-1_image_fusion\scripts\legacy_registration_20260717\prototype_local_registration.py","1","9587","True","True","0","Unique local-registration prototype source"
"M003","M0-1","E:\Code\Geocore_M0-1_image_fusion\scripts\prototype_tiepoint_registration_v4.py","E:\Code\Geocore_M0&1_Preprocessing\modules\M0-1_image_fusion\scripts\legacy_registration_20260717\prototype_tiepoint_registration_v4.py","1","19335","True","True","0","Unique guarded tie-point prototype source"
"M004","M0-1","E:\Code\Geocore_M0-1_image_fusion\registration_diagnostics","E:\Code\Geocore_M0&1_Preprocessing\modules\M0-1_image_fusion\qa\legacy_registration_20260717\registration_diagnostics","10","26155876","True","True","0","Compact cross-project registration diagnostics"
"M005","M0-1","E:\Code\Geocore_M0-1_image_fusion\local_registration_prototype","E:\Code\Geocore_M0&1_Preprocessing\modules\M0-1_image_fusion\qa\legacy_registration_20260717\local_registration_prototype","18","2255115","True","True","0","Prototype metrics and visual QA"
"M006","M0-1","E:\Code\Geocore_M0-1_image_fusion\tiepoint_registration_v4","E:\Code\Geocore_M0&1_Preprocessing\modules\M0-1_image_fusion\qa\legacy_registration_20260717\tiepoint_registration_v4","71","5131585","True","True","0","Tie-point reports and visual QA"
"M007","M0-1","E:\Code\Geocore_M0-1_image_fusion\roi_outputs\alignment_diagnosis_ZKH3_132_140","E:\Code\Geocore_M0&1_Preprocessing\modules\M0-1_image_fusion\qa\legacy_registration_20260717\alignment_diagnosis_ZKH3_132_140","7","12309143","True","True","0","Final ROI alignment diagnosis"
"M008","M0-1","E:\Code\Geocore_M0-1_image_fusion\roi_outputs\ZKH3_132_140_roi_768x512_final_hsi_rgb_warp\aligned_envi","E:\Code\Geocore_M0&1_Preprocessing\modules\M0-1_image_fusion\assets\legacy_zkh3_132_140\aligned_envi","6","27881656","True","True","0","Compact aligned ENVI inputs needed to reproduce fusion variants"
"M009","M0-1","E:\Code\Geocore_M0-1_image_fusion\roi_outputs\ZKH3_132_140_roi_768x512_final_hsi_rgb_warp\fusion_v2_comparison","E:\Code\Geocore_M0&1_Preprocessing\modules\M0-1_image_fusion\qa\legacy_registration_20260717\fusion_v2_comparison","4","8698013","True","True","0","Cross-method comparison metrics and previews"
"M010","M0-1","E:\Code\Geocore_M0-1_image_fusion\roi_outputs\ZKH3_132_140_roi_768x512_final_hsi_rgb_warp\previews","E:\Code\Geocore_M0&1_Preprocessing\modules\M0-1_image_fusion\qa\legacy_registration_20260717\roi_previews","9","4151819","True","True","0","ROI and registration previews"
"M011","M0-1","E:\Code\Geocore_M0-1_image_fusion\roi_outputs\ZKH3_132_140_roi_768x512_final_hsi_rgb_warp\tiepoint_sessions","E:\Code\Geocore_M0&1_Preprocessing\modules\M0-1_image_fusion\qa\legacy_registration_20260717\tiepoint_sessions","4","1463096","True","True","0","Tie-point session and context previews"
"M012","M0-1","E:\Code\Geocore_M0-1_image_fusion\roi_outputs\ZKH3_132_140_roi_768x512_final_hsi_rgb_warp\roi_manifest.json","E:\Code\Geocore_M0&1_Preprocessing\modules\M0-1_image_fusion\qa\legacy_registration_20260717\roi_manifest.json","1","43427","True","True","0","ROI identity and source mapping manifest"
"M013","M0-1","E:\Code\Geocore_M0-1_image_fusion\roi_outputs\ZKH3_132_140_roi_768x512_final_hsi_rgb_warp\fusion_v2_classical\manifest.json","E:\Code\Geocore_M0&1_Preprocessing\modules\M0-1_image_fusion\qa\legacy_registration_20260717\fusion_v2_classical\manifest.json","1","1421","True","True","0","Classical run manifest without large generated cube"
"M014","M0-1","E:\Code\Geocore_M0-1_image_fusion\roi_outputs\ZKH3_132_140_roi_768x512_final_hsi_rgb_warp\fusion_v2_classical\metadata","E:\Code\Geocore_M0&1_Preprocessing\modules\M0-1_image_fusion\qa\legacy_registration_20260717\fusion_v2_classical\metadata","5","43494","True","True","0","Classical run configuration and registration metadata"
"M015","M0-1","E:\Code\Geocore_M0-1_image_fusion\roi_outputs\ZKH3_132_140_roi_768x512_final_hsi_rgb_warp\fusion_v2_classical\metrics","E:\Code\Geocore_M0&1_Preprocessing\modules\M0-1_image_fusion\qa\legacy_registration_20260717\fusion_v2_classical\metrics","1","1053","True","True","0","Classical run quality metrics"
"M016","M0-1","E:\Code\Geocore_M0-1_image_fusion\roi_outputs\ZKH3_132_140_roi_768x512_final_hsi_rgb_warp\fusion_v2_classical\previews","E:\Code\Geocore_M0&1_Preprocessing\modules\M0-1_image_fusion\qa\legacy_registration_20260717\fusion_v2_classical\previews","4","2403838","True","True","0","Classical run previews"
"M017","M0-1","E:\Code\Geocore_M0-1_image_fusion\roi_outputs\ZKH3_132_140_roi_768x512_final_hsi_rgb_warp\fusion_v2_deep_unsupervised\manifest.json","E:\Code\Geocore_M0&1_Preprocessing\modules\M0-1_image_fusion\qa\legacy_registration_20260717\fusion_v2_deep_unsupervised\manifest.json","1","1429","True","True","0","Deep-unsupervised run manifest without large generated cube"
"M018","M0-1","E:\Code\Geocore_M0-1_image_fusion\roi_outputs\ZKH3_132_140_roi_768x512_final_hsi_rgb_warp\fusion_v2_deep_unsupervised\metadata","E:\Code\Geocore_M0&1_Preprocessing\modules\M0-1_image_fusion\qa\legacy_registration_20260717\fusion_v2_deep_unsupervised\metadata","5","43502","True","True","0","Deep-unsupervised configuration and registration metadata"
"M019","M0-1","E:\Code\Geocore_M0-1_image_fusion\roi_outputs\ZKH3_132_140_roi_768x512_final_hsi_rgb_warp\fusion_v2_deep_unsupervised\metrics","E:\Code\Geocore_M0&1_Preprocessing\modules\M0-1_image_fusion\qa\legacy_registration_20260717\fusion_v2_deep_unsupervised\metrics","1","1060","True","True","0","Deep-unsupervised quality metrics"
"M020","M0-1","E:\Code\Geocore_M0-1_image_fusion\roi_outputs\ZKH3_132_140_roi_768x512_final_hsi_rgb_warp\fusion_v2_deep_unsupervised\previews","E:\Code\Geocore_M0&1_Preprocessing\modules\M0-1_image_fusion\qa\legacy_registration_20260717\fusion_v2_deep_unsupervised\previews","4","2375934","True","True","0","Deep-unsupervised previews"
"M021","M0-1","E:\Code\Geocore_M0-1_image_fusion\roi_outputs\ZKH3_132_140_roi_768x512_final_hsi_rgb_warp\fusion_v2_fast_preview\manifest.json","E:\Code\Geocore_M0&1_Preprocessing\modules\M0-1_image_fusion\qa\legacy_registration_20260717\fusion_v2_fast_preview\manifest.json","1","1424","True","True","0","Fast-preview run manifest without large generated cube"
"M022","M0-1","E:\Code\Geocore_M0-1_image_fusion\roi_outputs\ZKH3_132_140_roi_768x512_final_hsi_rgb_warp\fusion_v2_fast_preview\metadata","E:\Code\Geocore_M0&1_Preprocessing\modules\M0-1_image_fusion\qa\legacy_registration_20260717\fusion_v2_fast_preview\metadata","5","43497","True","True","0","Fast-preview configuration and registration metadata"
"M023","M0-1","E:\Code\Geocore_M0-1_image_fusion\roi_outputs\ZKH3_132_140_roi_768x512_final_hsi_rgb_warp\fusion_v2_fast_preview\metrics","E:\Code\Geocore_M0&1_Preprocessing\modules\M0-1_image_fusion\qa\legacy_registration_20260717\fusion_v2_fast_preview\metrics","1","1043","True","True","0","Fast-preview quality metrics"
"M024","M0-1","E:\Code\Geocore_M0-1_image_fusion\roi_outputs\ZKH3_132_140_roi_768x512_final_hsi_rgb_warp\fusion_v2_fast_preview\previews","E:\Code\Geocore_M0&1_Preprocessing\modules\M0-1_image_fusion\qa\legacy_registration_20260717\fusion_v2_fast_preview\previews","4","2172878","True","True","0","Fast-preview previews"
"M025","M0-1","E:\Code\Geocore_M0-1_image_fusion\roi_outputs\ZKH3_132_140_roi_768x512_final_hsi_rgb_warp\fusion_v2_upsample_only\manifest.json","E:\Code\Geocore_M0&1_Preprocessing\modules\M0-1_image_fusion\qa\legacy_registration_20260717\fusion_v2_upsample_only\manifest.json","1","1425","True","True","0","Upsample-only run manifest without large generated cube"
"M026","M0-1","E:\Code\Geocore_M0-1_image_fusion\roi_outputs\ZKH3_132_140_roi_768x512_final_hsi_rgb_warp\fusion_v2_upsample_only\metadata","E:\Code\Geocore_M0&1_Preprocessing\modules\M0-1_image_fusion\qa\legacy_registration_20260717\fusion_v2_upsample_only\metadata","5","43498","True","True","0","Upsample-only configuration and registration metadata"
"M027","M0-1","E:\Code\Geocore_M0-1_image_fusion\roi_outputs\ZKH3_132_140_roi_768x512_final_hsi_rgb_warp\fusion_v2_upsample_only\metrics","E:\Code\Geocore_M0&1_Preprocessing\modules\M0-1_image_fusion\qa\legacy_registration_20260717\fusion_v2_upsample_only\metrics","1","1060","True","True","0","Upsample-only quality metrics"
"M028","M0-1","E:\Code\Geocore_M0-1_image_fusion\roi_outputs\ZKH3_132_140_roi_768x512_final_hsi_rgb_warp\fusion_v2_upsample_only\previews","E:\Code\Geocore_M0&1_Preprocessing\modules\M0-1_image_fusion\qa\legacy_registration_20260717\fusion_v2_upsample_only\previews","4","1303241","True","True","0","Upsample-only previews"
"M029","M1-1","E:\Code\Geocore_M1-1_rotation_correction\RGB-20230909_141858-00000.dat","E:\Code\Geocore_M0&1_Preprocessing\modules\M1-1_rotation_correction\assets\legacy_rgb_20230909\RGB-20230909_141858-00000.dat","1","138117120","True","True","0","Unique full-resolution ENVI regression sample"
"M030","M1-1","E:\Code\Geocore_M1-1_rotation_correction\RGB-20230909_141858-00000.hdr","E:\Code\Geocore_M0&1_Preprocessing\modules\M1-1_rotation_correction\assets\legacy_rgb_20230909\RGB-20230909_141858-00000.hdr","1","459","True","True","0","Header for the ENVI regression sample"
"M031","M1-1","E:\Code\Geocore_M1-1_rotation_correction\outputs","E:\Code\Geocore_M0&1_Preprocessing\modules\M1-1_rotation_correction\qa\legacy_outputs_20260714","46","44415129","True","True","0","Rotation-correction reference outputs and QA"
"M032","M1-2","E:\Code\Geocore_M1-2_foreground_mask\models","E:\Code\Geocore_M0&1_Preprocessing\modules\M1-2_foreground_mask\models","7","138267033","True","True","0","V1 and V2 model packages, weights, cards, manifests, and training history"
"M033","M1-2","E:\Code\Geocore_M1-2_foreground_mask\datasets","E:\Code\Geocore_M0&1_Preprocessing\modules\M1-2_foreground_mask\datasets","35","50320737","True","True","0","Annotated masks, SHP provenance, splits, and corrected-box training candidates"
"M034","M1-2","E:\Code\Geocore_M1-2_foreground_mask\outputs","E:\Code\Geocore_M0&1_Preprocessing\modules\M1-2_foreground_mask\qa\legacy_outputs_20260714","56","47318230","True","True","0","Model validation outputs and batch summary"
"M035","M1-2","E:\Code\Geocore_M1-2_foreground_mask\api_runtime\outputs","E:\Code\Geocore_M0&1_Preprocessing\modules\M1-2_foreground_mask\qa\legacy_api_runtime_outputs_20260714","12","896414","True","True","0","API edit and standalone smoke outputs"
"M036","M1-2","E:\Code\Geocore_M1-2_foreground_mask\examples\input","E:\Code\Geocore_M0&1_Preprocessing\modules\M1-2_foreground_mask\examples\input","1","787428","True","True","0","Small standalone inference sample"
"M037","M1-2","E:\Code\Geocore_M1-2_foreground_mask\geocore_mask\models\__init__.py","E:\Code\Geocore_M0&1_Preprocessing\modules\M1-2_foreground_mask\geocore_mask\models\__init__.py","1","62","True","True","0","Missing model package initializer source"
"M038","M1-2","E:\Code\Geocore_M1-2_foreground_mask\geocore_mask\models\core_unet.py","E:\Code\Geocore_M0&1_Preprocessing\modules\M1-2_foreground_mask\geocore_mask\models\core_unet.py","1","3713","True","True","0","Missing U-Net architecture source required for retraining"
"M039","M1-2","E:\Code\Geocore_M1-2_foreground_mask\geocore_mask\models\registry.py","E:\Code\Geocore_M0&1_Preprocessing\modules\M1-2_foreground_mask\geocore_mask\models\registry.py","1","1110","True","True","0","Missing model registry source"
"M040","M1-3","E:\Code\Geocore_M1-3_separator_mark\outputs","E:\Code\Geocore_M0&1_Preprocessing\modules\M1-3_separator_mark\qa\legacy_outputs_20260714","126","20163202","True","True","0","Separator/depth-mapping smoke outputs and review evidence"
